Scenario,Dropout_Rate,Variable,Change_from_Baseline
Baseline,0.02530631704410018,Baseline,0
BMI +5%,0.023553039332538828,BMI,-0.17532777115613524
BMI +10%,0.022369487485101383,BMI,-0.2936829558998797
BMI -10%,0.02760905840286046,BMI,0.2302741358760279
HH size -1,0.020967818831942694,Household Size,-0.43384982121574855
HH size -2,0.01661025029797375,Household Size,-0.8696066746126431
HH size +1,0.02593087008343262,Household Size,0.062455303933244
